[
  {
    "name": "Amiens",
    "shortName": "AMI",
    "competitionCode": "FRA_L2",
    "countryCode": "FRA",
    "popularity": 50
  },
  {
    "name": "Annecy",
    "shortName": "ANN",
    "competitionCode": "FRA_L2",
    "countryCode": "FRA",
    "popularity": 38
  },
  {
    "name": "Bastia",
    "shortName": "BAS",
    "competitionCode": "FRA_L2",
    "countryCode": "FRA",
    "popularity": 45
  },
  {
    "name": "Clermont",
    "shortName": "CLE",
    "competitionCode": "FRA_L2",
    "countryCode": "FRA",
    "popularity": 52
  },
  {
    "name": "Dunkerque",
    "shortName": "DUN",
    "competitionCode": "FRA_L2",
    "countryCode": "FRA",
    "popularity": 40
  },
  {
    "name": "Grenoble",
    "shortName": "GRE",
    "competitionCode": "FRA_L2",
    "countryCode": "FRA",
    "popularity": 44
  },
  {
    "name": "Guingamp",
    "shortName": "GUI",
    "competitionCode": "FRA_L2",
    "countryCode": "FRA",
    "popularity": 48
  },
  {
    "name": "Laval",
    "shortName": "LAV",
    "competitionCode": "FRA_L2",
    "countryCode": "FRA",
    "popularity": 39
  },
  {
    "name": "Le Mans",
    "shortName": "LEM",
    "competitionCode": "FRA_L2",
    "countryCode": "FRA",
    "popularity": 46
  },
  {
    "name": "Montpellier",
    "shortName": "MON",
    "competitionCode": "FRA_L2",
    "countryCode": "FRA",
    "popularity": 65
  },
  {
    "name": "Nancy",
    "shortName": "NAN",
    "competitionCode": "FRA_L2",
    "countryCode": "FRA",
    "popularity": 55
  },
  {
    "name": "Pau",
    "shortName": "PAU",
    "competitionCode": "FRA_L2",
    "countryCode": "FRA",
    "popularity": 37
  },
  {
    "name": "Red Star",
    "shortName": "RED",
    "competitionCode": "FRA_L2",
    "countryCode": "FRA",
    "popularity": 42
  },
  {
    "name": "Rodez",
    "shortName": "ROD",
    "competitionCode": "FRA_L2",
    "countryCode": "FRA",
    "popularity": 41
  },
  {
    "name": "Saint-Étienne",
    "shortName": "STE",
    "competitionCode": "FRA_L2",
    "countryCode": "FRA",
    "popularity": 64
  },
  {
    "name": "Troyes",
    "shortName": "TRO",
    "competitionCode": "FRA_L2",
    "countryCode": "FRA",
    "popularity": 49
  },
  {
    "name": "Ajaccio",
    "shortName": "ACA",
    "competitionCode": "FRA_L2",
    "countryCode": "FRA",
    "popularity": 47
  },
  {
    "name": "Sochaux",
    "shortName": "SOC",
    "competitionCode": "FRA_L2",
    "countryCode": "FRA",
    "popularity": 58
  }
]